,beverage_category,beverage,beverage_prep,calories,total fat ,trans fat ,saturated fat , sodium ,total carbohydrates ,cholesterol ,dietary fibre ,sugars ,protein ,vitamin a ,vitamin c ,calcium ,iron ,caffeine 
0,coffee,brewedcoffee,Short,3,0.1,0.0,0.0,0,5,0,0,0,0.3,0,0,0,0,175
1,coffee,brewedcoffee,Tall,4,0.1,0.0,0.0,0,10,0,0,0,0.5,0,0,0,0,260
2,coffee,brewedcoffee,Grande,5,0.1,0.0,0.0,0,10,0,0,0,1.0,0,0,0,0,330
3,coffee,brewedcoffee,Venti,5,0.1,0.0,0.0,0,10,0,0,0,1.0,0,0,2,0,410
4,classicespressodrinks,caffèlatte,Short Nonfat Milk,70,0.1,0.1,0.0,5,75,10,0,9,6.0,10,0,20,0,75
5,classicespressodrinks,caffèlatte,2% Milk,100,3.5,2.0,0.1,15,85,10,0,9,6.0,10,0,20,0,75
6,classicespressodrinks,caffèlatte,Soymilk,70,2.5,0.4,0.0,0,65,6,1,4,5.0,6,0,20,8,75
7,classicespressodrinks,caffèlatte,Tall Nonfat Milk,100,0.2,0.2,0.0,5,120,15,0,14,10.0,15,0,30,0,75
8,classicespressodrinks,caffèlatte,2% Milk,150,6.0,3.0,0.2,25,135,15,0,14,10.0,15,0,30,0,75
9,classicespressodrinks,caffèlatte,Soymilk,110,4.5,0.5,0.0,0,105,10,1,6,8.0,10,0,30,15,75
10,classicespressodrinks,caffèlatte,Grande Nonfat Milk,130,0.3,0.2,0.0,5,150,19,0,18,13.0,20,0,40,0,150
11,classicespressodrinks,caffèlatte,2% Milk,190,7.0,3.5,0.2,30,170,19,0,17,12.0,20,2,40,0,150
12,classicespressodrinks,caffèlatte,Soymilk,150,5.0,0.5,0.0,0,130,13,1,8,10.0,15,0,40,15,150
13,classicespressodrinks,caffèlatte,Venti Nonfat Milk,170,0.4,0.3,0.0,10,190,25,0,23,16.0,30,0,50,0,150
14,classicespressodrinks,caffèlatte,2% Milk,240,9.0,4.5,0.3,35,220,24,0,22,16.0,25,2,50,0,150
15,classicespressodrinks,caffèlatte,Soymilk,190,7.0,1.0,0.0,0,170,16,2,11,13.0,20,0,50,25,150
16,classicespressodrinks,caffèmochawithoutwhippedcream,Short Nonfat Milk,110,1.5,1.0,0.0,5,60,21,1,17,7.0,8,0,15,10,85
17,classicespressodrinks,caffèmochawithoutwhippedcream,2% Milk,130,4.0,2.0,0.1,10,70,21,1,17,6.0,8,0,15,10,85
18,classicespressodrinks,caffèmochawithoutwhippedcream,Soymilk,110,3.5,1.0,0.0,0,55,19,2,13,6.0,6,0,15,20,85
19,classicespressodrinks,caffèmochawithoutwhippedcream,Tall Nonfat Milk,170,2.0,1.0,0.0,5,100,32,1,27,10.0,15,0,25,20,95
20,classicespressodrinks,caffèmochawithoutwhippedcream,2% Milk,200,6.0,3.5,0.1,20,115,32,1,26,10.0,15,0,25,20,95
21,classicespressodrinks,caffèmochawithoutwhippedcream,Soymilk,180,5.0,1.5,0.0,0,85,28,2,20,9.0,10,0,25,30,95
22,classicespressodrinks,caffèmochawithoutwhippedcream,Grande Nonfat Milk,220,2.5,1.5,0.0,5,125,43,2,34,13.0,20,0,35,25,175
23,classicespressodrinks,caffèmochawithoutwhippedcream,2% Milk,260,8.0,4.5,0.2,25,140,42,2,34,13.0,15,2,35,25,175
24,classicespressodrinks,caffèmochawithoutwhippedcream,Soymilk,230,7.0,2.0,0.0,0,105,37,3,26,11.0,10,0,35,40,175
25,classicespressodrinks,caffèmochawithoutwhippedcream,Venti Nonfat Milk,280,3.0,2.0,0.0,10,160,54,2,44,17.0,25,0,45,30,180
26,classicespressodrinks,caffèmochawithoutwhippedcream,2% Milk,340,11.0,6.0,0.2,30,180,53,2,43,17.0,20,2,45,30,180
27,classicespressodrinks,caffèmochawithoutwhippedcream,Soymilk,290,9.0,2.5,0.0,0,140,47,4,33,14.0,15,0,45,50,180
28,classicespressodrinks,vanillalatteorotherflavouredlatte,Short Nonfat Milk,100,0.1,0.1,0.0,5,70,19,0,18,6.0,10,0,20,0,75
29,classicespressodrinks,vanillalatteorotherflavouredlatte,2% Milk,130,3.5,1.5,0.1,15,80,18,0,17,6.0,10,0,20,0,75
30,classicespressodrinks,vanillalatteorotherflavouredlatte,Soymilk,110,2.5,0.3,0.0,0,60,16,1,13,5.0,6,0,20,8,75
31,classicespressodrinks,vanillalatteorotherflavouredlatte,Tall Nonfat Milk,150,0.2,0.1,0.0,5,110,28,0,27,9.0,15,0,30,0,75
32,classicespressodrinks,vanillalatteorotherflavouredlatte,2% Milk,200,5.0,2.5,0.2,20,125,28,0,27,9.0,15,0,30,0,75
33,classicespressodrinks,vanillalatteorotherflavouredlatte,Soymilk,160,4.0,0.5,0.0,0,95,23,1,20,7.0,10,0,30,15,75
34,classicespressodrinks,vanillalatteorotherflavouredlatte,Grande Nonfat Milk,200,0.3,0.2,0.0,5,140,37,0,35,12.0,20,0,35,0,150
35,classicespressodrinks,vanillalatteorotherflavouredlatte,2% Milk,250,6.0,3.5,0.2,25,150,37,0,35,12.0,20,2,35,0,150
36,classicespressodrinks,vanillalatteorotherflavouredlatte,Soymilk,210,5.0,0.5,0.0,0,120,31,1,26,9.0,10,0,35,15,150
37,classicespressodrinks,vanillalatteorotherflavouredlatte,Venti Nonfat Milk,250,0.3,0.2,0.0,10,180,47,0,45,15.0,25,0,50,0,150
38,classicespressodrinks,vanillalatteorotherflavouredlatte,2% Milk,320,9.0,4.5,0.3,35,200,46,0,44,15.0,25,2,45,0,150
39,classicespressodrinks,vanillalatteorotherflavouredlatte,Soymilk,270,7.0,1.0,0.0,0,160,39,2,33,12.0,15,0,45,20,150
40,classicespressodrinks,caffèamericano,Short,5,0.0,0.0,0.0,0,5,1,0,0,0.4,0,0,0,0,75
41,classicespressodrinks,caffèamericano,Tall,10,0.0,0.0,0.0,0,10,2,0,0,1.0,0,0,2,0,150
42,classicespressodrinks,caffèamericano,Grande,15,0.0,0.0,0.0,0,15,3,0,0,1.0,0,0,2,0,225
43,classicespressodrinks,caffèamericano,Venti,25,0.0,0.0,0.0,0,15,4,0,0,1.0,0,0,2,0,300
44,classicespressodrinks,cappuccino,Short Nonfat Milk,50,0.1,0.1,0.0,5,60,8,0,7,5.0,8,0,15,0,75
45,classicespressodrinks,cappuccino,2% Milk,80,3.0,1.5,0.1,10,70,8,0,7,5.0,8,0,15,0,75
46,classicespressodrinks,cappuccino,Soymilk,50,1.5,0.2,0.0,0,40,4,0,3,3.0,4,0,10,6,75
47,classicespressodrinks,cappuccino,Tall Nonfat Milk,60,0.1,0.1,0.0,5,70,9,0,8,6.0,10,0,20,0,75
48,classicespressodrinks,cappuccino,2% Milk,90,3.5,1.5,0.1,15,80,9,0,8,6.0,10,0,20,0,75
49,classicespressodrinks,cappuccino,Soymilk,70,3.0,0.4,0.0,0,65,7,1,4,5.0,6,0,20,8,75
50,classicespressodrinks,cappuccino,Grande Nonfat Milk,80,0.2,0.1,0.0,5,90,12,0,10,8.0,15,0,25,0,150
51,classicespressodrinks,cappuccino,2% Milk,120,4.0,2.0,0.1,15,100,12,0,10,8.0,10,0,25,0,150
52,classicespressodrinks,cappuccino,Soymilk,100,3.5,0.4,0.0,0,80,9,1,5,7.0,8,0,25,10,150
53,classicespressodrinks,cappuccino,Venti Nonfat Milk,110,0.2,0.2,0.0,5,120,16,0,14,10.0,20,0,30,0,150
54,classicespressodrinks,cappuccino,2% Milk,150,6.0,3.0,0.2,25,135,16,0,14,10.0,15,0,30,0,150
55,classicespressodrinks,cappuccino,Soymilk,120,4.5,0.5,0.0,0,110,11,1,7,9.0,10,0,35,15,150
56,classicespressodrinks,espresso,Solo,5,0.0,0.0,0.0,0,0,1,0,0,0.4,0,0,0,0,75
57,classicespressodrinks,espresso,Doppio,10,0.0,0.0,0.0,0,1,2,0,0,1.0,0,0,0,0,150
58,classicespressodrinks,skinnylatteanyflavour,Short Nonfat Milk,60,0.1,0.1,0.0,5,80,9,0,8,6.0,10,0,20,0,75
59,classicespressodrinks,skinnylatteanyflavour,Tall Nonfat Milk,100,0.2,0.1,0.0,5,125,14,0,13,9.0,15,0,30,0,75
60,classicespressodrinks,skinnylatteanyflavour,Grande Nonfat Milk,120,0.3,0.2,0.0,5,160,18,0,16,12.0,20,0,35,0,150
61,classicespressodrinks,skinnylatteanyflavour,Venti Nonfat Milk,160,0.3,0.2,0.0,10,200,24,0,21,15.0,25,0,50,0,150
62,signatureespressodrinks,caramelmacchiato,Short Nonfat Milk,100,1.0,0.5,0.0,5,70,17,0,15,6.0,10,0,15,0,75
63,signatureespressodrinks,caramelmacchiato,2% Milk,120,4.0,2.0,0.1,15,80,16,0,15,5.0,10,0,15,0,75
64,signatureespressodrinks,caramelmacchiato,Soymilk,100,3.0,1.0,0.0,0,60,14,1,11,4.0,6,0,15,8,75
65,signatureespressodrinks,caramelmacchiato,Tall Nonfat Milk,140,1.0,0.5,0.0,5,105,25,0,24,8.0,15,0,25,0,75
66,signatureespressodrinks,caramelmacchiato,2% Milk,180,5.0,3.0,0.1,20,115,25,0,23,8.0,15,0,25,0,75
67,signatureespressodrinks,caramelmacchiato,Soymilk,150,4.5,1.0,0.0,0,90,21,1,17,7.0,10,0,25,10,75
68,signatureespressodrinks,caramelmacchiato,Grande Nonfat Milk,190,1.0,1.0,0.0,10,130,35,0,32,11.0,20,0,35,0,150
69,signatureespressodrinks,caramelmacchiato,2% Milk,240,7.0,3.5,0.2,25,150,34,0,32,10.0,15,2,30,0,150
70,signatureespressodrinks,caramelmacchiato,Soymilk,200,5.0,1.0,0.0,5,115,29,1,24,9.0,10,0,35,15,150
71,signatureespressodrinks,caramelmacchiato,Venti Nonfat Milk,240,1.0,1.0,0.0,10,170,43,0,41,13.0,25,0,40,0,150
72,signatureespressodrinks,caramelmacchiato,2% Milk,300,8.0,4.5,0.2,35,180,43,0,40,13.0,20,2,40,0,150
73,signatureespressodrinks,caramelmacchiato,Soymilk,250,7.0,1.5,0.0,5,140,36,1,31,11.0,15,0,40,20,150
74,signatureespressodrinks,whitechocolatemochawithoutwhippedcream,Short Nonfat Milk,180,3.0,2.0,0.0,5,120,31,0,29,7.0,10,0,25,0,75
75,signatureespressodrinks,whitechocolatemochawithoutwhippedcream,2% Milk,200,6.0,3.5,0.1,15,125,31,0,29,7.0,8,2,25,0,75
76,signatureespressodrinks,whitechocolatemochawithoutwhippedcream,Soymilk,180,5.0,2.5,0.0,0,110,28,1,25,6.0,6,0,25,8,75
77,signatureespressodrinks,whitechocolatemochawithoutwhippedcream,Tall Nonfat Milk,270,4.5,3.5,0.0,5,190,47,0,45,12.0,15,2,35,0,75
78,signatureespressodrinks,whitechocolatemochawithoutwhippedcream,2% Milk,310,9.0,6.0,0.1,20,200,46,0,44,11.0,15,2,35,0,75
79,signatureespressodrinks,whitechocolatemochawithoutwhippedcream,Soymilk,280,8.0,3.5,0.0,0,170,42,1,39,10.0,10,2,35,10,75
80,signatureespressodrinks,whitechocolatemochawithoutwhippedcream,Grande Nonfat Milk,350,6.0,4.5,0.0,10,240,61,0,58,15.0,20,2,45,2,150
81,signatureespressodrinks,whitechocolatemochawithoutwhippedcream,2% Milk,400,11.0,7.0,0.2,25,250,61,0,58,15.0,15,2,45,0,150
82,signatureespressodrinks,whitechocolatemochawithoutwhippedcream,Soymilk,370,10.0,5.0,0.0,0,220,56,1,51,13.0,10,2,45,15,150
83,signatureespressodrinks,whitechocolatemochawithoutwhippedcream,Venti Nonfat Milk,450,7.0,6.0,0.0,10,310,78,0,74,19.0,25,2,60,2,150
84,signatureespressodrinks,whitechocolatemochawithoutwhippedcream,2% Milk,510,15.0,9.0,0.2,35,330,77,0,74,19.0,20,4,60,2,150
85,signatureespressodrinks,whitechocolatemochawithoutwhippedcream,Soymilk,460,13.0,6.0,0.0,5,290,70,1,64,16.0,15,2,60,20,150
86,signatureespressodrinks,hotchocolatewithoutwhippedcream,Short Nonfat Milk,130,1.5,1.0,0.0,5,70,26,1,23,7.0,10,0,20,10,10
87,signatureespressodrinks,hotchocolatewithoutwhippedcream,2% Milk,150,4.5,2.5,0.1,15,80,26,1,22,7.0,10,0,20,10,10
88,signatureespressodrinks,hotchocolatewithoutwhippedcream,Soymilk,130,3.5,1.0,0.0,0,60,23,2,18,6.0,6,0,20,20,10
89,signatureespressodrinks,hotchocolatewithoutwhippedcream,Tall Nonfat Milk,190,2.0,1.0,0.0,5,110,37,1,32,11.0,15,0,30,20,20
90,signatureespressodrinks,hotchocolatewithoutwhippedcream,2% Milk,230,7.0,3.5,0.2,20,120,37,1,32,10.0,15,0,30,20,20
91,signatureespressodrinks,hotchocolatewithoutwhippedcream,Soymilk,200,6.0,1.5,0.0,0,95,32,2,25,9.0,10,0,30,30,20
92,signatureespressodrinks,hotchocolatewithoutwhippedcream,Grande Nonfat Milk,240,2.5,1.5,0.0,5,140,48,2,41,14.0,20,0,40,25,25
93,signatureespressodrinks,hotchocolatewithoutwhippedcream,2% Milk,290,9.0,5.0,0.2,25,160,47,2,41,14.0,20,2,40,25,25
94,signatureespressodrinks,hotchocolatewithoutwhippedcream,Soymilk,250,7.0,2.0,0.0,0,125,41,3,32,12.0,15,0,40,40,25
95,signatureespressodrinks,hotchocolatewithoutwhippedcream,Venti Nonfat Milk,320,3.0,2.0,0.0,10,180,63,2,55,18.0,25,0,50,30,30
96,signatureespressodrinks,hotchocolatewithoutwhippedcream,2% Milk,380,11.0,6.0,0.3,35,200,63,2,54,17.0,25,2,50,30,30
97,signatureespressodrinks,hotchocolatewithoutwhippedcream,Soymilk,330,9.0,2.5,0.0,0,160,55,4,44,15.0,15,0,50,50,30
98,signatureespressodrinks,caramelapplespicewithoutwhippedcream,Short,140,0.0,0.0,0.0,0,10,35,0,33,0.0,0,0,0,0,0
99,signatureespressodrinks,caramelapplespicewithoutwhippedcream,Tall,210,0.0,0.0,0.0,0,15,53,0,49,0.0,0,0,0,0,0
100,signatureespressodrinks,caramelapplespicewithoutwhippedcream,Grande,280,0.0,0.0,0.0,0,20,70,0,65,0.0,0,0,0,0,0
101,signatureespressodrinks,caramelapplespicewithoutwhippedcream,Venti,360,0.0,0.0,0.0,0,25,89,0,83,0.0,0,0,0,0,0
102,tazoteadrinks,tazotea,Short,0,0.0,0.0,0.0,0,0,0,0,0,0.0,0,0,0,0,75.0
103,tazoteadrinks,tazotea,Tall,0,0.0,0.0,0.0,0,0,0,0,0,0.0,0,0,0,0,75.0
104,tazoteadrinks,tazotea,Grande,0,0.0,0.0,0.0,0,0,0,0,0,0.0,0,0,0,0,75.0
105,tazoteadrinks,tazotea,Venti,0,0.0,0.0,0.0,0,0,0,0,0,0.0,0,0,0,0,75.0
106,tazoteadrinks,tazochaitealatte,Short Nonfat Milk,100,0.1,0.1,0.0,0,50,22,0,21,4.0,6,0,10,0,50
107,tazoteadrinks,tazochaitealatte,2% Milk,120,2.0,1.0,0.1,10,55,22,0,21,4.0,6,0,10,0,50
108,tazoteadrinks,tazochaitealatte,Soymilk,110,1.5,0.2,0.0,0,45,20,0,18,3.0,4,0,10,6,50
109,tazoteadrinks,tazochaitealatte,Tall Nonfat Milk,160,0.2,0.1,0.0,5,80,34,0,32,6.0,10,0,20,2,70
110,tazoteadrinks,tazochaitealatte,2% Milk,190,3.5,1.5,0.1,15,90,34,0,32,6.0,10,0,20,2,70
111,tazoteadrinks,tazochaitealatte,Soymilk,160,2.5,0.3,0.0,0,70,31,1,28,5.0,6,0,20,10,70
112,tazoteadrinks,tazochaitealatte,Grande Nonfat Milk,210,0.2,0.1,0.0,5,105,45,0,43,8.0,15,0,25,2,95
113,tazoteadrinks,tazochaitealatte,2% Milk,240,4.5,2.0,0.1,20,115,45,0,42,8.0,10,0,25,2,95
114,tazoteadrinks,tazochaitealatte,Soymilk,220,3.5,0.4,0.0,0,90,41,1,37,6.0,8,0,25,10,95
115,tazoteadrinks,tazochaitealatte,Venti Nonfat Milk,260,0.3,0.2,0.0,5,135,57,0,54,10.0,15,0,35,2,120
116,tazoteadrinks,tazochaitealatte,2% Milk,310,6.0,3.0,0.2,25,150,56,0,53,10.0,15,2,30,2,120
117,tazoteadrinks,tazochaitealatte,Soymilk,280,4.5,0.5,0.0,0,115,51,1,46,8.0,10,0,30,15,120
118,tazoteadrinks,tazogreentealatte,Short Nonfat Milk,130,0.2,0.1,0.0,5,85,26,0,25,7.0,10,4,20,2,25
119,tazoteadrinks,tazogreentealatte,2% Milk,170,4.0,2.0,0.1,15,95,26,0,25,7.0,10,6,20,2,25
120,tazoteadrinks,tazogreentealatte,Soymilk,140,3.0,0.4,0.0,0,70,22,1,20,6.0,8,4,20,10,25
121,tazoteadrinks,tazogreentealatte,Tall Nonfat Milk,210,0.4,0.2,0.0,5,125,42,1,41,11.0,20,10,35,4,55
122,tazoteadrinks,tazogreentealatte,2% Milk,260,6.0,3.0,0.2,25,140,41,1,40,10.0,15,10,35,4,55
123,tazoteadrinks,tazogreentealatte,Soymilk,230,4.5,0.5,0.0,0,110,36,2,33,9.0,10,10,35,15,55
124,tazoteadrinks,tazogreentealatte,Grande Nonfat Milk,290,0.5,0.2,0.0,10,160,57,1,56,14.0,25,15,45,4,80
125,tazoteadrinks,tazogreentealatte,2% Milk,350,8.0,4.0,0.2,30,180,57,1,55,14.0,20,15,45,4,80
126,tazoteadrinks,tazogreentealatte,Soymilk,310,6.0,1.0,0.0,0,140,50,3,46,11.0,15,15,45,25,80
127,tazoteadrinks,tazogreentealatte,Venti Nonfat Milk,370,0.5,0.3,0.0,10,200,73,2,71,18.0,30,20,60,6,110
128,tazoteadrinks,tazogreentealatte,2% Milk,450,10.0,5.0,0.3,40,230,72,2,71,17.0,25,20,50,6,110
129,tazoteadrinks,tazogreentealatte,Soymilk,390,8.0,1.0,0.0,0,180,64,4,58,14.0,20,20,60,30,110
130,tazoteadrinks,tazofullleaftealatte,Short Nonfat Milk,80,0.1,0.1,0.0,0,45,16,0,16,4.0,6,0,10,0.00,75.0
131,tazoteadrinks,tazofullleaftealatte,2% Milk,90,2.0,1.0,0.1,10,50,15,0,15,3.0,6,0,10,0.00,75.0
132,tazoteadrinks,tazofullleaftealatte,Soymilk,80,1.5,0.2,0.0,0,40,14,0,13,3.0,4,0,10,6.00,75.0
133,tazoteadrinks,tazofullleaftealatte,Tall Nonfat Milk,120,0.1,0.1,0.0,5,65,23,0,23,5.0,10,0,20,0.00,75.0
134,tazoteadrinks,tazofullleaftealatte,2% Milk,140,3.0,1.5,0.1,15,75,23,0,23,5.0,8,0,15,0.00,75.0
135,tazoteadrinks,tazofullleaftealatte,Soymilk,130,2.5,0.3,0.0,0,60,21,1,19,4.0,6,0,20,8.00,75.0
136,tazoteadrinks,tazofullleaftealatte,Grande Nonfat Milk,150,0.2,0.1,0.0,5,85,31,0,31,7.0,15,0,25,0.00,75.0
137,tazoteadrinks,tazofullleaftealatte,2% Milk,190,4.0,2.0,0.1,15,95,31,0,30,7.0,10,0,25,0.00,75.0
138,tazoteadrinks,tazofullleaftealatte,Soymilk,170,3.5,0.4,0.0,0,80,27,1,25,6.0,8,0,25,10.00,75.0
139,tazoteadrinks,tazofullleaftealatte,Venti Nonfat Milk,190,0.2,0.1,0.0,5,110,39,0,39,9.0,15,0,30,0.00,75.0
140,tazoteadrinks,tazofullleaftealatte,2% Milk,230,5.0,2.5,0.2,20,125,38,0,38,9.0,15,0,30,0.00,75.0
141,tazoteadrinks,tazofullleaftealatte,Soymilk,210,4.0,0.5,0.0,0,100,34,1,32,7.0,10,0,30,15.00,75.0
142,tazoteadrinks,tazofullleafredtealattevanillarooibos,Short Nonfat Milk,80,0.1,0.1,0.0,0,45,16,0,16,4.0,6,0,10,0,0
143,tazoteadrinks,tazofullleafredtealattevanillarooibos,2% Milk,90,2.0,1.0,0.1,10,50,15,0,15,3.0,6,0,10,0,0
144,tazoteadrinks,tazofullleafredtealattevanillarooibos,Soymilk,80,1.5,0.2,0.0,0,40,14,0,13,3.0,4,0,10,6,0
145,tazoteadrinks,tazofullleafredtealattevanillarooibos,Tall Nonfat Milk,120,0.1,0.1,0.0,5,65,23,0,23,5.0,10,0,20,0,0
146,tazoteadrinks,tazofullleafredtealattevanillarooibos,2% Milk,140,3.0,1.5,0.1,15,75,23,0,23,5.0,8,0,15,0,0
147,tazoteadrinks,tazofullleafredtealattevanillarooibos,Soymilk,130,2.5,0.3,0.0,0,60,21,1,19,4.0,6,0,20,8,0
148,tazoteadrinks,tazofullleafredtealattevanillarooibos,Grande Nonfat Milk,150,0.2,0.1,0.0,5,85,31,0,31,7.0,15,0,25,0,0
149,tazoteadrinks,tazofullleafredtealattevanillarooibos,2% Milk,190,4.0,2.0,0.1,15,95,31,0,30,7.0,10,0,25,0,0
150,tazoteadrinks,tazofullleafredtealattevanillarooibos,Soymilk,170,3.5,0.4,0.0,0,80,27,1,25,6.0,8,0,25,10,0
151,tazoteadrinks,tazofullleafredtealattevanillarooibos,Venti Nonfat Milk,190,0.2,0.1,0.0,5,110,39,0,39,9.0,15,0,30,0,0
152,tazoteadrinks,tazofullleafredtealattevanillarooibos,2% Milk,230,5.0,2.5,0.2,20,125,38,0,38,9.0,15,0,30,0,0
153,tazoteadrinks,tazofullleafredtealattevanillarooibos,Soymilk,210,4.0,0.5,0.0,0,100,34,1,32,7.0,10,0,30,15,0
154,shakenicedbeverages,icedbrewedcoffeewithclassicsyrup,Tall,60,0.0,0.0,0.0,0,4,15,0,15,0.2,0,0,0,0,120
155,shakenicedbeverages,icedbrewedcoffeewithclassicsyrup,Grande,90,0.1,0.0,0.0,0,5,21,0,21,0.3,0,0,0,0,165
156,shakenicedbeverages,icedbrewedcoffeewithclassicsyrup,Venti,130,0.1,0.0,0.0,0,5,31,0,31,0.4,0,0,0,0,235
157,shakenicedbeverages,icedbrewedcoffeewithmilkclassicsyrup,Tall Nonfat Milk,80,0.1,0.0,0.0,0,25,18,0,18,2.0,2,0,6,0,90
158,shakenicedbeverages,icedbrewedcoffeewithmilkclassicsyrup,2% Milk,90,1.0,0.5,0.0,5,25,18,0,18,2.0,2,0,6,0.00,75.0
159,shakenicedbeverages,icedbrewedcoffeewithmilkclassicsyrup,Soymilk,80,1.0,0.1,0.0,0,20,17,0,17,2.0,2,0,6,0,90
160,shakenicedbeverages,icedbrewedcoffeewithmilkclassicsyrup,Grande Nonfat Milk,110,0.1,0.0,0.0,0,30,24,0,24,2.0,4,0,8,2,90
161,shakenicedbeverages,icedbrewedcoffeewithmilkclassicsyrup,2% Milk,120,1.5,0.5,0.0,5,35,24,0,24,2.0,4,0,8,0,125
162,shakenicedbeverages,icedbrewedcoffeewithmilkclassicsyrup,Soymilk,110,1.0,0.1,0.0,0,30,23,0,22,2.0,2,0,8,0,125
163,shakenicedbeverages,icedbrewedcoffeewithmilkclassicsyrup,Venti Nonfat Milk,160,0.1,0.1,0.0,0,50,36,0,36,4.0,6,0,10,4,125
164,shakenicedbeverages,icedbrewedcoffeewithmilkclassicsyrup,2% Milk,180,2.0,1.0,0.1,10,55,36,0,36,4.0,6,0,10,0,170
165,shakenicedbeverages,icedbrewedcoffeewithmilkclassicsyrup,Soymilk,170,1.5,0.2,0.0,0,45,34,0,33,3.0,4,0,10,0,170
166,shakenicedbeverages,shakenicedtazoteawithclassicsyrup,Tall,60,0.0,0.0,0.0,0,0,15,0,15,0.0,0,0,0,6,170
167,shakenicedbeverages,shakenicedtazoteawithclassicsyrup,Grande,80,0.0,0.0,0.0,0,0,21,0,21,0.0,0,0,0,0,75.0
168,shakenicedbeverages,shakenicedtazoteawithclassicsyrup,Venti,120,0.0,0.0,0.0,0,0,31,0,31,0.0,0,0,0,0,75.0
169,shakenicedbeverages,shakenicedtazotealemonadewithclassicsyrup,Tall,100,0.0,0.0,0.0,0,0,25,0,24,0.1,0,10,0,0,75.0
170,shakenicedbeverages,shakenicedtazotealemonadewithclassicsyrup,Grande,130,0.0,0.0,0.0,0,0,33,0,33,0.1,0,15,0,0,75.0
171,shakenicedbeverages,shakenicedtazotealemonadewithclassicsyrup,Venti,190,0.0,0.0,0.0,0,0,49,0,49,0.1,0,20,0,0,75.0
172,smoothies,bananachocolatesmoothie,Grande Nonfat Milk,280,2.5,1.5,0.0,5,150,53,7,34,20.0,10,15,20,0,75.0
173,smoothies,bananachocolatesmoothie,2% Milk,300,5.0,2.5,0.1,15,160,53,7,34,20.0,8,15,20,20,15
174,smoothies,bananachocolatesmoothie,Soymilk,290,4.5,1.5,0.0,5,150,51,7,31,19.0,6,15,20,20,15
175,smoothies,orangemangobananasmoothie,Grande Nonfat Milk,260,1.0,0.3,0.0,5,120,54,6,37,16.0,50,80,10,30,15
176,smoothies,orangemangobananasmoothie,2% Milk,270,1.5,0.5,0.0,5,125,53,6,37,16.0,50,80,10,6,0
177,smoothies,orangemangobananasmoothie,Soymilk,270,1.5,0.4,0.0,5,120,53,6,36,15.0,50,80,10,6,0
178,smoothies,strawberrybananasmoothie,Grande Nonfat Milk,290,1.0,0.3,0.0,5,125,58,7,41,16.0,4,100,10,8,0
179,smoothies,strawberrybananasmoothie,2% Milk,290,2.0,1.0,0.0,5,125,58,7,41,16.0,4,100,10,8,0
180,smoothies,strawberrybananasmoothie,Soymilk,290,2.0,0.4,0.0,5,120,58,8,40,16.0,2,100,10,8,0
181,frappuccinoblendedcoffee,coffee,Tall Nonfat Milk,160,0.1,0.0,0.0,0,160,36,0,36,3.0,4,0,10,10,0
182,frappuccinoblendedcoffee,coffee,Whole Milk,180,2.5,1.5,0.1,10,160,36,0,36,3.0,4,0,8,0,70
183,frappuccinoblendedcoffee,coffee,Soymilk,160,1.5,0.2,0.0,0,150,35,0,34,2.0,4,0,10,0,70
184,frappuccinoblendedcoffee,coffee,Grande Nonfat Milk,220,0.1,0.1,0.0,0,210,51,0,50,4.0,6,0,10,4,70
185,frappuccinoblendedcoffee,coffee,Whole Milk,240,3.0,2.0,0.1,10,220,50,0,50,3.0,4,0,10,0,95
186,frappuccinoblendedcoffee,coffee,Soymilk,220,1.5,0.2,0.0,0,210,49,0,47,3.0,4,0,10,0,95
187,frappuccinoblendedcoffee,coffee,Venti Nonfat Milk,310,0.1,0.1,0.0,5,300,70,0,69,6.0,10,0,20,6,95
188,frappuccinoblendedcoffee,coffee,Whole Milk,350,5.0,3.0,0.2,15,300,70,0,69,5.0,8,0,15,2,130
189,frappuccinoblendedcoffee,coffee,Soymilk,310,2.5,0.3,0.0,0,300,68,1,66,5.0,6,0,20,2,130
190,frappuccinoblendedcoffee,mochawithoutwhippedcream,Tall Nonfat Milk,180,0.5,0.4,0.0,0,150,42,1,40,3.0,4,0,10,8,130
191,frappuccinoblendedcoffee,mochawithoutwhippedcream,Whole Milk,200,3.0,2.0,0.1,10,160,42,1,40,3.0,4,0,8,6,70
192,frappuccinoblendedcoffee,mochawithoutwhippedcream,Soymilk,180,2.0,0.5,0.0,0,150,40,1,38,3.0,4,0,10,10,70
193,frappuccinoblendedcoffee,mochawithoutwhippedcream,Grande Nonfat Milk,260,1.0,0.5,0.0,0,220,61,1,58,4.0,6,0,10,8,110
194,frappuccinoblendedcoffee,mochawithoutwhippedcream,Whole Milk,290,4.0,2.5,0.1,10,220,61,1,58,4.0,4,0,10,8,110
195,frappuccinoblendedcoffee,mochawithoutwhippedcream,Soymilk,260,2.5,0.5,0.0,0,220,59,1,55,4.0,4,0,10,15,110
196,frappuccinoblendedcoffee,mochawithoutwhippedcream,Venti Nonfat Milk,340,1.0,0.5,0.0,5,300,80,1,76,7.0,10,0,15,10,140
197,frappuccinoblendedcoffee,mochawithoutwhippedcream,Whole Milk,390,6.0,3.5,0.1,15,300,80,1,76,6.0,8,0,15,10,140
198,frappuccinoblendedcoffee,mochawithoutwhippedcream,Soymilk,350,3.0,1.0,0.0,0,290,78,2,73,6.0,6,0,20,20,140
199,frappuccinoblendedcoffee,caramelwithoutwhippedcream,Tall Nonfat Milk,180,0.1,0.0,0.0,0,160,42,0,41,3.0,4,0,10,0,70
200,frappuccinoblendedcoffee,caramelwithoutwhippedcream,Whole Milk,200,2.5,1.5,0.1,10,160,42,0,41,3.0,4,0,8,0,70
201,frappuccinoblendedcoffee,caramelwithoutwhippedcream,Soymilk,180,1.5,0.2,0.0,0,150,40,0,39,2.0,4,0,10,4,70
202,frappuccinoblendedcoffee,caramelwithoutwhippedcream,Grande Nonfat Milk,280,0.1,0.1,0.0,0,220,60,0,59,4.0,6,0,10,0,100
203,frappuccinoblendedcoffee,caramelwithoutwhippedcream,Whole Milk,280,3.5,2.0,0.1,10,220,60,0,59,3.0,4,0,10,0,100
204,frappuccinoblendedcoffee,caramelwithoutwhippedcream,Soymilk,260,1.5,0.2,0.0,0,220,58,0,56,3.0,4,0,10,6,100
205,frappuccinoblendedcoffee,caramelwithoutwhippedcream,Venti Nonfat Milk,330,0.1,0.1,0.0,5,290,78,0,77,5.0,10,0,15,2,130
206,frappuccinoblendedcoffee,caramelwithoutwhippedcream,Whole Milk,370,5.0,3.0,0.1,15,300,78,0,77,5.0,8,0,15,2,130
207,frappuccinoblendedcoffee,caramelwithoutwhippedcream,Soymilk,340,2.5,0.3,0.0,0,290,75,1,73,5.0,6,0,20,8,130
208,frappuccinoblendedcoffee,javachipwithoutwhippedcream,Tall Nonfat Milk,220,3.0,2.0,0.0,0,170,47,1,44,4.0,4,0,10,20,75
209,frappuccinoblendedcoffee,javachipwithoutwhippedcream,Whole Milk,240,5.0,3.5,0.1,10,170,47,1,44,4.0,4,0,8,20,75
210,frappuccinoblendedcoffee,javachipwithoutwhippedcream,Soymilk,220,4.0,2.5,0.0,0,170,45,1,42,3.0,4,0,10,20,75
211,frappuccinoblendedcoffee,javachipwithoutwhippedcream,Grande Nonfat Milk,310,4.0,3.0,0.0,0,250,67,2,62,5.0,6,0,10,25,110
212,frappuccinoblendedcoffee,javachipwithoutwhippedcream,Whole Milk,340,7.0,5.0,0.1,10,250,67,2,62,5.0,4,0,10,25,110
213,frappuccinoblendedcoffee,javachipwithoutwhippedcream,Soymilk,310,6.0,3.5,0.0,0,240,65,2,60,4.0,4,0,10,30,110
214,frappuccinoblendedcoffee,javachipwithoutwhippedcream,Venti Nonfat Milk,420,5.0,4.0,0.0,5,340,90,2,84,7.0,10,0,20,35,145
215,frappuccinoblendedcoffee,javachipwithoutwhippedcream,Whole Milk,460,10.0,7.0,0.2,15,340,90,2,84,7.0,6,0,15,35,145
216,frappuccinoblendedcoffee,javachipwithoutwhippedcream,Soymilk,430,8.0,4.5,0.0,0,330,88,3,80,6.0,6,0,20,40,145
217,frappuccinolightblendedcoffee,coffee,Tall Nonfat Milk,90,0.1,0.0,0.0,0,160,20,0,19,3.0,4,0,10,0,70
218,frappuccinolightblendedcoffee,coffee,Grande Nonfat Milk,120,0.1,0.1,0.0,0,210,26,0,26,3.0,6,0,10,0,95
219,frappuccinolightblendedcoffee,coffee,Venti Nonfat Milk,160,0.1,0.1,0.0,5,270,34,0,33,5.0,8,0,15,2,120
220,frappuccinolightblendedcoffee,mocha,Tall Nonfat Milk,110,0.5,0.4,0.0,0,150,24,1,23,3.0,4,0,8,6,70
221,frappuccinolightblendedcoffee,mocha,Grande Nonfat Milk,150,1.0,0.5,0.0,0,200,33,1,30,4.0,6,0,10,8,95
222,frappuccinolightblendedcoffee,mocha,Venti Nonfat Milk,210,1.0,0.5,0.0,5,280,46,1,42,6.0,8,0,15,10,130
223,frappuccinolightblendedcoffee,caramel,Tall Nonfat Milk,100,0.1,0.0,0.0,0,140,23,0,23,3.0,4,0,8,0,65
224,frappuccinolightblendedcoffee,caramel,Grande Nonfat Milk,150,0.1,0.1,0.0,0,200,33,0,32,3.0,6,0,10,0,90
225,frappuccinolightblendedcoffee,caramel,Venti Nonfat Milk,200,0.1,0.1,0.0,5,270,44,0,43,5.0,8,0,15,2,120
226,frappuccinolightblendedcoffee,javachip,Tall Nonfat Milk,150,3.0,2.0,0.0,0,170,30,1,27,4.0,4,0,10,20,70
227,frappuccinolightblendedcoffee,javachip,Grande Nonfat Milk,220,4.0,3.0,0.0,0,240,43,2,39,5.0,6,0,10,25,105
228,frappuccinolightblendedcoffee,javachip,Venti Nonfat Milk,290,5.0,4.0,0.0,5,320,58,2,52,7.0,8,0,15,35,165
229,frappuccinoblendedcrème,strawberriescrèmewithoutwhippedcream,Tall Nonfat Milk,170,0.1,0.1,0.0,0,140,39,0,38,3.0,6,6,10,2,0
230,frappuccinoblendedcrème,strawberriescrèmewithoutwhippedcream,Whole Milk,190,3.0,1.5,0.1,10,140,38,0,37,3.0,4,6,10,2,0
231,frappuccinoblendedcrème,strawberriescrèmewithoutwhippedcream,Soymilk,170,1.5,0.2,0.0,0,135,37,1,35,3.0,4,6,10,6,0
232,frappuccinoblendedcrème,strawberriescrèmewithoutwhippedcream,Grande Nonfat Milk,230,0.2,0.1,0.0,0,190,53,0,52,4.0,8,6,15,4,0
233,frappuccinoblendedcrème,strawberriescrèmewithoutwhippedcream,Whole Milk,260,4.0,2.0,0.1,10,190,53,0,52,4.0,6,6,15,4,0
234,frappuccinoblendedcrème,strawberriescrèmewithoutwhippedcream,Soymilk,240,2.0,0.2,0.0,0,180,51,1,49,3.0,4,6,15,8,0
235,frappuccinoblendedcrème,strawberriescrèmewithoutwhippedcream,Venti Nonfat Milk,310,0.2,0.1,0.0,5,260,70,0,69,6.0,10,8,20,4,0
236,frappuccinoblendedcrème,strawberriescrèmewithoutwhippedcream,Whole Milk,350,6.0,3.0,0.2,15,260,70,0,68,6.0,8,8,20,4,0
237,frappuccinoblendedcrème,strawberriescrèmewithoutwhippedcream,Soymilk,320,3.2,0.4,0.0,0,250,67,1,64,5.0,6,8,20,10,0
238,frappuccinoblendedcrème,vanillabeanwithoutwhippedcream,Tall Nonfat Milk,170,0.1,0.1,0.0,0,160,39,0,38,4.0,6,0,10,0,0
239,frappuccinoblendedcrème,vanillabeanwithoutwhippedcream,Whole Milk,200,3.5,2.0,0.1,10,160,39,0,38,3.0,6,0,10,0,0
240,frappuccinoblendedcrème,vanillabeanwithoutwhippedcream,Soymilk,180,1.5,0.2,0.0,0,160,37,1,35,3.0,4,0,10,6,0
241,frappuccinoblendedcrème,vanillabeanwithoutwhippedcream,Grande Nonfat Milk,240,0.1,0.1,0.0,5,230,56,0,55,5.0,8,0,15,0,0
